episode,inflow_prob,Vehicles_A,reward_A,Vehicle_B,reward_B,vehicles_C,reward_C,vehicles_I,reward_I,time
5,0.61,30,-407.0,18,-171.0,18,-171.0,23,-210.0,23
10,0.71,5,-21.0,30,-352.0,9,-66.0,8,-10.0,17
15,0.59,28,-325.0,0,0.0,3,-6.0,30,-435.0,13
20,0.7,11,-136.0,30,-351.0,0,0.0,28,-406.0,17
25,0.71,25,-253.0,0,0.0,0,-1.0,30,-378.0,13
30,0.6,27,-378.0,9,-15.0,0,0.0,30,-378.0,20
35,0.51,30,-435.0,0,-1.0,23,-276.0,28,-351.0,19
40,0.49,26,-300.0,13,-153.0,9,-15.0,30,-325.0,22
45,0.65,16,-78.0,0,0.0,19,-190.0,30,-435.0,17
50,0.48,30,-325.0,0,0.0,2,-3.0,22,-171.0,27
55,0.4,30,-378.0,0,0.0,0,0.0,26,-276.0,21
60,0.63,28,-301.0,13,-91.0,9,-45.0,30,-435.0,20
65,0.43,30,-378.0,8,-55.0,24,-300.0,18,-105.0,39
70,0.55,30,-407.0,4,-11.0,21,-232.0,30,-351.0,21
75,0.6,9,-15.0,0,-3.0,7,-16.0,30,-378.0,16
80,0.72,30,-407.0,5,-15.0,14,-105.0,24,-231.0,16
85,0.72,27,-326.0,4,-45.0,10,-45.0,30,-378.0,18
90,0.77,30,-351.0,18,-171.0,0,0.0,23,-190.0,15
95,0.54,29,-435.0,0,0.0,16,-78.0,30,-435.0,16
100,0.64,30,-325.0,6,-21.0,12,-55.0,30,-435.0,22
105,0.46,17,-153.0,5,-15.0,30,-326.0,23,-406.0,29
110,0.46,26,-276.0,0,-1.0,0,0.0,30,-406.0,26
115,0.71,30,-325.0,13,-91.0,21,-231.0,19,-105.0,22
120,0.7,27,-300.0,12,-56.0,4,-10.0,30,-406.0,22
125,0.68,30,-406.0,3,-6.0,25,-277.0,30,-406.0,18
130,0.49,13,-36.0,0,0.0,30,-325.0,9,-55.0,28
135,0.42,14,-120.0,30,-379.0,26,-352.0,5,-3.0,30
140,0.8,18,-106.0,0,-1.0,8,-36.0,30,-406.0,12
145,0.41,25,-276.0,0,0.0,21,-231.0,30,-325.0,31
150,0.74,30,-326.0,10,-56.0,16,-136.0,15,-55.0,10
155,0.69,30,-378.0,5,-15.0,6,-3.0,22,-300.0,15
160,0.55,27,-325.0,0,0.0,21,-190.0,30,-378.0,17
165,0.77,30,-379.0,0,-3.0,23,-231.0,27,-276.0,33
170,0.73,17,-79.0,25,-326.0,3,-36.0,30,-406.0,14
175,0.52,11,-22.0,23,-276.0,12,-78.0,30,-351.0,17
180,0.72,30,-435.0,27,-379.0,19,-190.0,23,-231.0,29
185,0.75,30,-379.0,7,-29.0,25,-325.0,12,-36.0,22
190,0.71,12,-55.0,30,-435.0,7,-28.0,14,-105.0,16
195,0.69,30,-406.0,14,-153.0,21,-171.0,22,-153.0,27
200,0.74,30,-406.0,17,-154.0,18,-172.0,21,-136.0,14
205,0.77,18,-171.0,2,-1.0,10,-55.0,30,-435.0,13
210,0.62,4,-1.0,20,-253.0,6,-28.0,30,-378.0,15
215,0.66,30,-326.0,1,-1.0,5,0.0,18,-231.0,9
220,0.57,30,-406.0,9,-45.0,26,-351.0,30,-435.0,30
225,0.48,30,-325.0,4,-10.0,3,-1.0,27,-300.0,19
230,0.78,30,-406.0,5,-16.0,16,-136.0,11,-36.0,17
235,0.72,30,-379.0,19,-190.0,18,-171.0,20,-210.0,23
240,0.49,30,-407.0,0,0.0,10,-15.0,14,-136.0,14
245,0.58,8,-91.0,12,-78.0,30,-435.0,21,-231.0,28
250,0.56,15,-66.0,0,-1.0,7,-66.0,30,-325.0,15
255,0.74,30,-378.0,1,-1.0,13,-45.0,27,-378.0,13
260,0.45,30,-435.0,0,0.0,0,0.0,30,-406.0,14
265,0.41,30,-436.0,0,0.0,8,-36.0,5,-6.0,13
270,0.64,9,-28.0,30,-435.0,9,-28.0,20,-153.0,22
275,0.76,25,-277.0,0,-10.0,4,-1.0,30,-351.0,12
280,0.61,24,-190.0,20,-210.0,18,-253.0,30,-406.0,23
285,0.41,30,-351.0,0,-1.0,12,-78.0,22,-190.0,36
290,0.64,30,-406.0,0,-3.0,2,-10.0,25,-210.0,19
295,0.41,26,-276.0,2,-21.0,30,-406.0,22,-153.0,22
300,0.48,11,-36.0,0,-10.0,6,-15.0,30,-406.0,27
305,0.66,30,-435.0,12,-79.0,11,-66.0,23,-231.0,17
310,0.53,12,-36.0,19,-231.0,22,-210.0,30,-378.0,30
315,0.77,30,-435.0,0,-3.0,19,-253.0,23,-171.0,18
320,0.71,26,-231.0,0,-1.0,6,-28.0,30,-406.0,13
325,0.73,30,-435.0,9,-15.0,24,-253.0,18,-136.0,19
330,0.65,30,-325.0,0,0.0,3,-1.0,27,-351.0,16
335,0.6,24,-210.0,2,-3.0,7,-29.0,30,-406.0,17
340,0.41,30,-352.0,4,-28.0,6,-7.0,12,-28.0,22
345,0.54,30,-326.0,0,0.0,0,-15.0,28,-351.0,16
350,0.66,30,-379.0,0,-1.0,0,-3.0,30,-378.0,23
355,0.69,25,-276.0,0,-1.0,10,-55.0,30,-435.0,11
360,0.73,19,-154.0,0,-1.0,6,-21.0,30,-435.0,9
365,0.62,30,-325.0,9,-45.0,18,-91.0,19,-253.0,18
370,0.54,30,-435.0,0,0.0,0,-1.0,7,-15.0,21
375,0.43,26,-352.0,10,-78.0,30,-406.0,21,-231.0,22
380,0.56,30,-435.0,9,-45.0,11,-37.0,18,-190.0,23
385,0.41,30,-436.0,9,-45.0,13,-91.0,27,-253.0,27
390,0.6,24,-351.0,1,0.0,7,-36.0,30,-351.0,15
395,0.52,10,-45.0,2,-1.0,1,-21.0,30,-351.0,49
400,0.76,30,-325.0,0,-1.0,0,0.0,30,-406.0,13
405,0.59,10,-91.0,7,-28.0,5,-1.0,30,-435.0,11
410,0.71,26,-300.0,0,0.0,12,-78.0,30,-406.0,16
415,0.68,27,-300.0,6,-36.0,14,-78.0,30,-325.0,15
420,0.53,16,-91.0,16,-136.0,12,-79.0,30,-435.0,24
425,0.49,4,-45.0,30,-379.0,23,-276.0,14,-105.0,42
430,0.51,26,-301.0,9,-45.0,30,-378.0,15,-153.0,23
435,0.77,30,-378.0,0,-3.0,9,-28.0,23,-231.0,14
440,0.57,30,-435.0,0,0.0,8,-78.0,22,-210.0,17
445,0.4,3,-21.0,14,-105.0,30,-378.0,18,-171.0,17
450,0.63,24,-300.0,2,-1.0,0,0.0,30,-406.0,14
455,0.45,4,-2.0,7,-29.0,13,-91.0,30,-351.0,30
460,0.75,30,-406.0,2,-3.0,7,-29.0,22,-190.0,12
465,0.76,18,-105.0,6,-66.0,7,-3.0,30,-378.0,12
470,0.46,30,-435.0,1,-2.0,17,-153.0,4,-1.0,32
475,0.61,11,-46.0,19,-190.0,14,-105.0,30,-325.0,17
480,0.69,0,-6.0,30,-379.0,5,-15.0,15,-120.0,17
485,0.69,28,-325.0,14,-105.0,23,-276.0,30,-406.0,29
490,0.72,30,-378.0,0,0.0,0,0.0,26,-231.0,11
495,0.77,1,-1.0,30,-406.0,14,-55.0,22,-300.0,12
500,0.4,7,-16.0,14,-153.0,22,-253.0,30,-325.0,30
505,0.53,5,-6.0,15,-121.0,3,-6.0,30,-378.0,24
510,0.76,30,-435.0,2,-3.0,16,-66.0,14,-105.0,14
515,0.62,24,-210.0,0,-3.0,0,-6.0,30,-435.0,20
520,0.64,30,-435.0,0,-1.0,7,-28.0,24,-190.0,16
525,0.66,20,-136.0,13,-91.0,30,-406.0,19,-153.0,17
530,0.45,29,-379.0,5,-15.0,0,-3.0,30,-406.0,27
535,0.62,5,-10.0,30,-379.0,9,-46.0,3,-1.0,15
540,0.6,12,-46.0,23,-276.0,23,-276.0,30,-351.0,31
545,0.45,30,-378.0,11,-66.0,17,-120.0,9,-45.0,24
550,0.58,22,-153.0,9,-105.0,30,-435.0,26,-300.0,28
555,0.67,21,-190.0,20,-211.0,14,-105.0,30,-406.0,19
560,0.68,26,-253.0,5,-55.0,10,-16.0,30,-378.0,15
565,0.76,23,-171.0,19,-191.0,20,-211.0,30,-351.0,19
570,0.47,21,-190.0,5,-15.0,9,-55.0,30,-406.0,20
575,0.5,20,-121.0,9,-78.0,3,0.0,30,-406.0,14
580,0.44,14,-67.0,6,-45.0,27,-300.0,30,-378.0,26
585,0.62,27,-301.0,11,-67.0,14,-106.0,30,-406.0,20
590,0.59,30,-435.0,13,-46.0,18,-172.0,14,-55.0,17
595,0.44,30,-436.0,8,-37.0,29,-436.0,11,-28.0,33
600,0.74,30,-352.0,7,-29.0,27,-378.0,18,-136.0,17
605,0.75,29,-300.0,0,0.0,14,-105.0,30,-435.0,15
610,0.46,20,-172.0,17,-154.0,6,-22.0,30,-351.0,42
615,0.79,14,-55.0,13,-136.0,0,0.0,30,-325.0,10
620,0.72,22,-276.0,23,-172.0,19,-191.0,30,-435.0,18
625,0.68,29,-351.0,3,-6.0,5,-15.0,30,-406.0,25
630,0.57,18,-136.0,1,-2.0,8,-37.0,30,-325.0,12
635,0.6,18,-121.0,5,-16.0,16,-136.0,30,-435.0,15
640,0.51,15,-121.0,21,-231.0,30,-435.0,0,-6.0,21
645,0.48,9,-28.0,2,-15.0,30,-379.0,30,-351.0,39
650,0.77,30,-379.0,3,-6.0,4,-10.0,30,-406.0,17
655,0.49,30,-436.0,0,0.0,7,-16.0,16,-91.0,16
660,0.75,30,-406.0,5,-15.0,17,-171.0,20,-231.0,14
665,0.56,21,-253.0,4,-15.0,3,-1.0,30,-435.0,11
670,0.58,22,-253.0,7,-78.0,30,-378.0,3,-6.0,19
675,0.78,30,-436.0,6,-55.0,10,-21.0,27,-300.0,15
680,0.62,30,-435.0,12,-78.0,21,-190.0,17,-136.0,28
685,0.59,30,-435.0,0,0.0,5,-15.0,26,-276.0,18
690,0.53,15,-91.0,2,-21.0,30,-378.0,25,-276.0,30
695,0.44,30,-406.0,13,-91.0,30,-435.0,6,-45.0,28
700,0.63,30,-436.0,0,0.0,0,-1.0,26,-231.0,14
705,0.67,27,-276.0,0,0.0,0,0.0,30,-406.0,11
710,0.7,22,-190.0,4,-28.0,7,-36.0,30,-406.0,16
715,0.61,14,-120.0,13,-36.0,17,-153.0,30,-351.0,22
720,0.48,15,-120.0,0,0.0,9,-28.0,30,-406.0,20
725,0.44,30,-351.0,0,-1.0,11,-66.0,18,-91.0,15
730,0.53,30,-435.0,0,0.0,26,-301.0,22,-210.0,24
735,0.57,18,-121.0,4,-11.0,17,-231.0,30,-325.0,18
740,0.7,23,-276.0,5,-3.0,3,-1.0,30,-406.0,12
745,0.57,30,-406.0,0,0.0,20,-210.0,25,-253.0,23
750,0.41,23,-190.0,0,0.0,0,-1.0,30,-435.0,30
755,0.68,26,-325.0,4,-28.0,5,-1.0,30,-406.0,16
760,0.56,30,-407.0,12,-78.0,26,-351.0,22,-153.0,23
765,0.43,8,-78.0,30,-379.0,23,-277.0,26,-351.0,39
770,0.47,17,-78.0,16,-190.0,1,-3.0,30,-378.0,25
775,0.76,27,-325.0,0,0.0,0,0.0,30,-435.0,19
780,0.54,25,-276.0,2,-4.0,1,-2.0,30,-406.0,21
785,0.7,30,-378.0,8,-55.0,5,-28.0,30,-435.0,29
790,0.58,30,-435.0,0,0.0,7,-28.0,30,-325.0,13
795,0.62,30,-436.0,14,-105.0,21,-154.0,22,-276.0,30
800,0.68,30,-435.0,9,-45.0,9,-11.0,21,-231.0,14
805,0.67,30,-378.0,0,0.0,23,-190.0,14,-120.0,18
810,0.42,30,-352.0,0,0.0,18,-171.0,10,-15.0,35
815,0.51,30,-406.0,0,0.0,6,-22.0,30,-378.0,24
820,0.78,14,-136.0,8,-11.0,3,-21.0,30,-351.0,14
825,0.8,30,-326.0,15,-120.0,11,-28.0,17,-136.0,15
830,0.69,23,-276.0,10,-36.0,7,-15.0,30,-406.0,26
835,0.62,20,-136.0,14,-106.0,20,-210.0,30,-378.0,20
840,0.57,22,-172.0,20,-253.0,6,-45.0,30,-351.0,25
845,0.64,30,-407.0,6,-21.0,15,-120.0,28,-300.0,13
850,0.41,20,-231.0,0,0.0,5,-3.0,30,-435.0,35
855,0.65,15,-91.0,0,-6.0,2,-3.0,30,-378.0,13
860,0.77,30,-406.0,18,-210.0,17,-120.0,21,-190.0,15
865,0.42,30,-406.0,0,-6.0,25,-254.0,27,-253.0,28
870,0.53,22,-253.0,12,-45.0,17,-120.0,30,-435.0,23
875,0.41,30,-378.0,5,-15.0,16,-66.0,27,-406.0,28
880,0.68,30,-406.0,1,-1.0,7,-29.0,26,-231.0,13
885,0.45,13,-66.0,24,-300.0,30,-351.0,6,-45.0,17
890,0.47,28,-276.0,3,-21.0,30,-378.0,26,-276.0,34
895,0.62,27,-378.0,10,-21.0,9,-45.0,30,-406.0,25
900,0.51,30,-435.0,0,0.0,16,-136.0,29,-300.0,16
905,0.41,17,-78.0,0,0.0,16,-136.0,30,-351.0,19
910,0.53,30,-351.0,0,0.0,0,0.0,28,-325.0,22
915,0.8,30,-435.0,29,-435.0,6,-6.0,23,-276.0,17
920,0.56,10,-16.0,7,-29.0,14,-106.0,30,-406.0,20
925,0.76,30,-352.0,5,-15.0,3,-7.0,28,-300.0,23
930,0.51,30,-351.0,0,0.0,15,-136.0,8,-45.0,25
935,0.65,30,-435.0,17,-153.0,18,-120.0,23,-300.0,14
940,0.65,20,-120.0,0,-1.0,17,-153.0,30,-435.0,25
945,0.47,30,-378.0,6,-21.0,7,-28.0,15,-91.0,20
950,0.66,11,-29.0,23,-406.0,14,-78.0,30,-351.0,18
955,0.41,26,-325.0,4,0.0,5,-15.0,30,-435.0,21
960,0.51,30,-352.0,0,0.0,17,-210.0,26,-253.0,21
965,0.44,17,-78.0,8,-36.0,28,-406.0,30,-435.0,40
970,0.67,21,-190.0,11,-37.0,0,0.0,30,-406.0,14
975,0.52,12,-136.0,30,-406.0,21,-232.0,11,-66.0,25
980,0.47,9,-45.0,13,-91.0,30,-406.0,1,-10.0,20
985,0.45,2,-4.0,12,-136.0,30,-352.0,22,-253.0,34
990,0.75,30,-378.0,23,-277.0,0,-10.0,21,-171.0,22
995,0.5,30,-378.0,0,-1.0,6,-21.0,30,-378.0,24
1000,0.49,4,-15.0,30,-378.0,30,-351.0,9,-66.0,32
1005,0.71,13,-105.0,30,-435.0,1,0.0,11,-66.0,16
1010,0.57,30,-351.0,0,-1.0,5,-15.0,17,-91.0,27
1015,0.56,17,-78.0,0,0.0,13,-91.0,30,-435.0,27
1020,0.78,30,-435.0,7,-28.0,0,0.0,17,-136.0,19
1025,0.52,12,-55.0,0,-1.0,14,-171.0,30,-378.0,28
1030,0.47,24,-190.0,12,-79.0,0,-1.0,30,-378.0,10
1035,0.77,30,-379.0,0,-1.0,0,0.0,30,-378.0,14
1040,0.52,12,-153.0,30,-351.0,12,-105.0,20,-210.0,30
1045,0.45,27,-378.0,3,-6.0,30,-378.0,6,-66.0,23
1050,0.65,30,-351.0,5,-45.0,4,-1.0,23,-231.0,13
1055,0.69,19,-171.0,9,-28.0,0,0.0,30,-406.0,9
1060,0.49,30,-326.0,0,0.0,17,-92.0,2,-10.0,26
1065,0.5,5,-55.0,30,-378.0,26,-351.0,7,-28.0,26
1070,0.53,26,-253.0,0,0.0,0,0.0,30,-406.0,24
1075,0.42,5,-21.0,0,0.0,17,-153.0,30,-378.0,25
1080,0.62,30,-378.0,0,-1.0,0,-3.0,26,-300.0,18
1085,0.65,30,-406.0,0,0.0,10,-55.0,30,-435.0,22
1090,0.72,15,-79.0,11,-105.0,6,-15.0,30,-406.0,14
1095,0.47,30,-436.0,0,0.0,8,-37.0,7,-15.0,16
1100,0.75,30,-325.0,0,0.0,0,-1.0,25,-210.0,11
1105,0.46,30,-378.0,18,-172.0,28,-406.0,27,-300.0,36
1110,0.47,2,-6.0,28,-300.0,30,-406.0,12,-120.0,40
1115,0.66,22,-231.0,30,-406.0,27,-253.0,23,-276.0,20
1120,0.69,27,-253.0,0,-1.0,0,-1.0,30,-435.0,11
1125,0.79,30,-406.0,12,-78.0,5,-6.0,14,-153.0,14
1130,0.61,30,-435.0,8,-36.0,17,-120.0,15,-78.0,18
1135,0.66,30,-407.0,21,-231.0,23,-276.0,21,-276.0,25
1140,0.48,11,-21.0,2,-21.0,10,-66.0,30,-406.0,30
1145,0.54,23,-231.0,0,-1.0,1,-2.0,30,-351.0,16
1150,0.57,30,-406.0,5,-15.0,14,-79.0,21,-210.0,23
1155,0.68,30,-325.0,0,-10.0,0,0.0,27,-276.0,18
1160,0.76,30,-406.0,22,-253.0,30,-406.0,21,-231.0,19
1165,0.55,11,-66.0,30,-378.0,15,-56.0,8,-66.0,20
1170,0.68,18,-92.0,10,-105.0,9,-15.0,30,-406.0,12
1175,0.43,6,-36.0,4,-1.0,5,-36.0,30,-325.0,24
1180,0.57,30,-406.0,3,-6.0,5,-10.0,12,-78.0,20
1185,0.65,25,-210.0,18,-171.0,0,0.0,30,-378.0,17
1190,0.61,30,-435.0,9,-45.0,8,-36.0,24,-276.0,19
1195,0.71,2,0.0,15,-153.0,2,0.0,30,-435.0,18
1200,0.78,4,-15.0,30,-378.0,0,0.0,18,-153.0,19
1205,0.56,11,-120.0,30,-436.0,3,-6.0,2,-3.0,28
1210,0.8,13,-91.0,30,-378.0,5,-10.0,3,-15.0,21
1215,0.56,17,-121.0,24,-300.0,30,-406.0,26,-351.0,26
1220,0.45,3,-15.0,30,-406.0,22,-190.0,2,-15.0,19
1225,0.41,2,-28.0,16,-136.0,30,-378.0,10,-55.0,22
1230,0.63,30,-378.0,0,0.0,27,-378.0,29,-351.0,22
1235,0.7,30,-379.0,12,-78.0,0,-3.0,30,-351.0,12
1240,0.76,27,-326.0,0,-1.0,13,-136.0,30,-406.0,14
1245,0.45,30,-436.0,0,-1.0,2,-3.0,30,-378.0,21
1250,0.62,25,-253.0,0,0.0,0,-10.0,30,-378.0,27
1255,0.58,21,-190.0,3,-36.0,20,-153.0,30,-435.0,18
1260,0.62,26,-253.0,10,-56.0,0,0.0,30,-406.0,13
1265,0.78,30,-378.0,2,-4.0,22,-253.0,19,-153.0,17
1270,0.62,2,-10.0,4,-6.0,7,-36.0,30,-325.0,13
1275,0.76,30,-407.0,0,0.0,5,-16.0,30,-435.0,12
1280,0.51,22,-210.0,7,-28.0,0,-1.0,30,-351.0,21
1285,0.59,30,-406.0,5,-28.0,0,-1.0,25,-253.0,23
1290,0.47,30,-436.0,0,-1.0,17,-154.0,27,-300.0,24
1295,0.68,30,-378.0,0,-1.0,23,-277.0,19,-153.0,17
1300,0.76,30,-406.0,27,-326.0,24,-301.0,18,-91.0,19
1305,0.71,30,-435.0,3,-10.0,18,-105.0,28,-325.0,13
