Episode,Total_Reward,Steps,Value_Loss,Policy_Loss
1,-2689.0,121,0,0
2,-1448.0,111,0,0
3,-1474.0,112,0,0
4,-1444.0,113,0,0
5,-1938.0,119,0,0
6,-1989.0,128,0,0
7,-1408.0,106,0,0
8,-2090.0,110,0,0
9,-1932.0,113,70162.36121,-0.01862
10,-1483.0,111,70162.36121,-0.01862
11,-1586.0,116,70162.36121,-0.01862
12,-1476.0,113,70162.36121,-0.01862
13,-1656.0,113,70162.36121,-0.01862
14,-1637.0,115,70162.36121,-0.01862
15,-1388.0,109,70162.36121,-0.01862
16,-1043.0,109,70162.36121,-0.01862
17,-1302.0,112,70162.36121,-0.01862
18,-1402.0,110,70162.36121,-0.01862
19,-1183.0,111,41853.19456,-0.01537
20,-1209.0,107,41853.19456,-0.01537
21,-1169.0,108,41853.19456,-0.01537
22,-1184.0,108,41853.19456,-0.01537
23,-1141.0,110,41853.19456,-0.01537
24,-1284.0,110,41853.19456,-0.01537
25,-1151.0,109,41853.19456,-0.01537
26,-1235.0,110,41853.19456,-0.01537
27,-1424.0,109,41853.19456,-0.01537
28,-1126.0,108,28550.61901,-0.00554
29,-1168.0,107,28550.61901,-0.00554
30,-1181.0,108,28550.61901,-0.00554
31,-1074.0,108,28550.61901,-0.00554
32,-1172.0,112,28550.61901,-0.00554
33,-1028.0,109,28550.61901,-0.00554
34,-1267.0,109,28550.61901,-0.00554
35,-1364.0,112,28550.61901,-0.00554
36,-1141.0,109,28550.61901,-0.00554
37,-1157.0,109,27018.66426,-0.00451
38,-1227.0,108,27018.66426,-0.00451
39,-1159.0,107,27018.66426,-0.00451
40,-1150.0,115,27018.66426,-0.00451
41,-1099.0,110,27018.66426,-0.00451
42,-1070.0,108,27018.66426,-0.00451
43,-1152.0,110,27018.66426,-0.00451
44,-1228.0,107,27018.66426,-0.00451
45,-1210.0,108,27018.66426,-0.00451
46,-1267.0,115,27018.66426,-0.00451
47,-1038.0,107,25283.36123,-0.00392
48,-1124.0,106,25283.36123,-0.00392
49,-1127.0,108,25283.36123,-0.00392
50,-1172.0,117,25283.36123,-0.00392
51,-1224.0,108,25283.36123,-0.00392
52,-1064.0,109,25283.36123,-0.00392
53,-1125.0,110,25283.36123,-0.00392
54,-1124.0,109,25283.36123,-0.00392
55,-1183.0,108,25283.36123,-0.00392
56,-1068.0,108,24537.64926,-0.00599
57,-1145.0,108,24537.64926,-0.00599
58,-1044.0,107,24537.64926,-0.00599
59,-1201.0,109,24537.64926,-0.00599
60,-1056.0,108,24537.64926,-0.00599
61,-1076.0,108,24537.64926,-0.00599
62,-1219.0,114,24537.64926,-0.00599
63,-1058.0,107,24537.64926,-0.00599
64,-1089.0,108,24537.64926,-0.00599
65,-1111.0,107,24537.64926,-0.00599
66,-1183.0,106,23412.43701,-0.01288
67,-1042.0,106,23412.43701,-0.01288
68,-1187.0,107,23412.43701,-0.01288
69,-1026.0,108,23412.43701,-0.01288
70,-1105.0,108,23412.43701,-0.01288
71,-976.0,108,23412.43701,-0.01288
72,-1111.0,112,23412.43701,-0.01288
73,-1081.0,107,23412.43701,-0.01288
74,-1128.0,108,23412.43701,-0.01288
75,-1056.0,108,22564.30488,-0.00797
76,-1168.0,107,22564.30488,-0.00797
77,-1239.0,108,22564.30488,-0.00797
78,-1027.0,106,22564.30488,-0.00797
79,-1066.0,108,22564.30488,-0.00797
80,-1117.0,108,22564.30488,-0.00797
81,-1115.0,107,22564.30488,-0.00797
82,-1221.0,110,22564.30488,-0.00797
83,-1008.0,107,22564.30488,-0.00797
84,-1102.0,107,22564.30488,-0.00797
85,-1068.0,108,23716.3587,-0.01048
86,-1070.0,107,23716.3587,-0.01048
87,-1041.0,107,23716.3587,-0.01048
88,-1054.0,110,23716.3587,-0.01048
89,-1017.0,106,23716.3587,-0.01048
90,-1074.0,106,23716.3587,-0.01048
91,-1021.0,107,23716.3587,-0.01048
92,-1074.0,109,23716.3587,-0.01048
93,-1090.0,111,23716.3587,-0.01048
94,-1079.0,107,20497.73964,-0.00432
95,-1049.0,108,20497.73964,-0.00432
96,-1041.0,106,20497.73964,-0.00432
97,-1026.0,108,20497.73964,-0.00432
98,-1022.0,106,20497.73964,-0.00432
99,-1036.0,108,20497.73964,-0.00432
100,-1069.0,106,20497.73964,-0.00432
101,-1066.0,107,20497.73964,-0.00432
102,-1096.0,110,20497.73964,-0.00432
103,-1030.0,107,20497.73964,-0.00432
104,-1136.0,108,20282.67756,-0.0064
105,-1130.0,110,20282.67756,-0.0064
106,-1022.0,106,20282.67756,-0.0064
107,-1001.0,108,20282.67756,-0.0064
108,-1057.0,110,20282.67756,-0.0064
109,-1079.0,110,20282.67756,-0.0064
110,-1033.0,108,20282.67756,-0.0064
111,-1053.0,110,20282.67756,-0.0064
112,-1072.0,109,20282.67756,-0.0064
113,-1075.0,106,20326.55652,-0.00664
114,-1015.0,108,20326.55652,-0.00664
115,-1017.0,111,20326.55652,-0.00664
116,-1202.0,108,20326.55652,-0.00664
117,-1004.0,107,20326.55652,-0.00664
118,-1063.0,108,20326.55652,-0.00664
119,-1082.0,107,20326.55652,-0.00664
120,-1051.0,108,20326.55652,-0.00664
121,-1028.0,108,20326.55652,-0.00664
122,-1047.0,108,20399.85577,-0.00648
123,-1044.0,110,20399.85577,-0.00648
124,-1077.0,115,20399.85577,-0.00648
125,-1093.0,107,20399.85577,-0.00648
126,-1060.0,109,20399.85577,-0.00648
127,-1111.0,109,20399.85577,-0.00648
128,-1019.0,109,20399.85577,-0.00648
129,-1054.0,106,20399.85577,-0.00648
130,-1077.0,109,20399.85577,-0.00648
131,-1120.0,107,20399.85577,-0.00648
132,-1046.0,106,20285.24014,-0.00705
133,-1035.0,108,20285.24014,-0.00705
134,-1025.0,107,20285.24014,-0.00705
135,-1027.0,107,20285.24014,-0.00705
136,-1013.0,110,20285.24014,-0.00705
137,-1045.0,112,20285.24014,-0.00705
138,-977.0,108,20285.24014,-0.00705
139,-1151.0,109,20285.24014,-0.00705
140,-1059.0,108,20285.24014,-0.00705
141,-1034.0,109,19557.39591,-0.00465
142,-1001.0,106,19557.39591,-0.00465
143,-1053.0,106,19557.39591,-0.00465
144,-1059.0,108,19557.39591,-0.00465
145,-1006.0,107,19557.39591,-0.00465
146,-1025.0,113,19557.39591,-0.00465
147,-1050.0,108,19557.39591,-0.00465
148,-1046.0,107,19557.39591,-0.00465
149,-1081.0,108,19557.39591,-0.00465
150,-1047.0,107,19557.39591,-0.00465
151,-1029.0,106,18783.91766,-0.00547
152,-1037.0,107,18783.91766,-0.00547
153,-1059.0,113,18783.91766,-0.00547
154,-1034.0,108,18783.91766,-0.00547
155,-1018.0,116,18783.91766,-0.00547
156,-972.0,109,18783.91766,-0.00547
157,-956.0,108,18783.91766,-0.00547
158,-1077.0,107,18783.91766,-0.00547
159,-998.0,107,18783.91766,-0.00547
160,-1026.0,108,18061.40833,-0.00446
161,-1002.0,112,18061.40833,-0.00446
162,-986.0,106,18061.40833,-0.00446
163,-1065.0,110,18061.40833,-0.00446
164,-1137.0,107,18061.40833,-0.00446
165,-1053.0,107,18061.40833,-0.00446
166,-1066.0,107,18061.40833,-0.00446
167,-977.0,109,18061.40833,-0.00446
168,-996.0,108,18061.40833,-0.00446
169,-1075.0,110,18061.40833,-0.00446
170,-1195.0,109,18731.44241,-0.00389
171,-1013.0,108,18731.44241,-0.00389
172,-1067.0,108,18731.44241,-0.00389
173,-1009.0,107,18731.44241,-0.00389
174,-1033.0,107,18731.44241,-0.00389
175,-1130.0,107,18731.44241,-0.00389
176,-1045.0,111,18731.44241,-0.00389
177,-1062.0,112,18731.44241,-0.00389
178,-1089.0,107,18731.44241,-0.00389
179,-991.0,108,19877.23683,-0.01337
180,-1011.0,107,19877.23683,-0.01337
181,-996.0,108,19877.23683,-0.01337
182,-1070.0,109,19877.23683,-0.01337
183,-988.0,108,19877.23683,-0.01337
184,-1014.0,108,19877.23683,-0.01337
185,-958.0,107,19877.23683,-0.01337
186,-980.0,106,19877.23683,-0.01337
187,-1041.0,107,19877.23683,-0.01337
188,-1054.0,108,19877.23683,-0.01337
189,-1015.0,107,17514.95209,-0.00565
190,-1006.0,108,17514.95209,-0.00565
191,-1013.0,109,17514.95209,-0.00565
192,-1055.0,109,17514.95209,-0.00565
193,-987.0,108,17514.95209,-0.00565
194,-1090.0,108,17514.95209,-0.00565
195,-1051.0,110,17514.95209,-0.00565
196,-1100.0,112,17514.95209,-0.00565
197,-1017.0,109,17514.95209,-0.00565
198,-1065.0,109,18039.85436,-0.00819
199,-1077.0,108,18039.85436,-0.00819
200,-1063.0,107,18039.85436,-0.00819
201,-1068.0,106,18039.85436,-0.00819
202,-1050.0,106,18039.85436,-0.00819
203,-1044.0,107,18039.85436,-0.00819
204,-1026.0,108,18039.85436,-0.00819
205,-1026.0,107,18039.85436,-0.00819
206,-1061.0,108,18039.85436,-0.00819
207,-1004.0,108,18039.85436,-0.00819
208,-1027.0,108,19365.57588,-0.00945
209,-1092.0,108,19365.57588,-0.00945
210,-1089.0,109,19365.57588,-0.00945
211,-1024.0,108,19365.57588,-0.00945
212,-1002.0,106,19365.57588,-0.00945
213,-1026.0,107,19365.57588,-0.00945
214,-980.0,108,19365.57588,-0.00945
215,-971.0,108,19365.57588,-0.00945
216,-1014.0,111,19365.57588,-0.00945
217,-994.0,107,17673.63373,-0.00802
218,-988.0,106,17673.63373,-0.00802
219,-998.0,107,17673.63373,-0.00802
220,-1004.0,107,17673.63373,-0.00802
221,-1027.0,108,17673.63373,-0.00802
222,-979.0,106,17673.63373,-0.00802
223,-1012.0,108,17673.63373,-0.00802
224,-1074.0,114,17673.63373,-0.00802
225,-1021.0,108,17673.63373,-0.00802
226,-998.0,109,17673.63373,-0.00802
227,-1020.0,108,17126.30684,-0.00474
228,-1037.0,109,17126.30684,-0.00474
229,-1042.0,108,17126.30684,-0.00474
230,-1029.0,108,17126.30684,-0.00474
231,-1051.0,107,17126.30684,-0.00474
232,-1036.0,109,17126.30684,-0.00474
233,-1044.0,107,17126.30684,-0.00474
234,-1029.0,110,17126.30684,-0.00474
235,-1005.0,111,17126.30684,-0.00474
236,-969.0,108,17759.147,-0.00576
237,-1054.0,108,17759.147,-0.00576
238,-1063.0,109,17759.147,-0.00576
239,-961.0,106,17759.147,-0.00576
240,-911.0,108,17759.147,-0.00576
241,-951.0,107,17759.147,-0.00576
242,-1052.0,109,17759.147,-0.00576
243,-944.0,107,17759.147,-0.00576
244,-1030.0,108,17759.147,-0.00576
245,-1003.0,108,16283.9824,-0.00853
246,-1022.0,108,16283.9824,-0.00853
247,-1014.0,109,16283.9824,-0.00853
248,-1030.0,112,16283.9824,-0.00853
249,-1025.0,107,16283.9824,-0.00853
250,-974.0,110,16283.9824,-0.00853
251,-1008.0,108,16283.9824,-0.00853
252,-1052.0,108,16283.9824,-0.00853
253,-1092.0,122,16283.9824,-0.00853
254,-1005.0,108,16283.9824,-0.00853
255,-970.0,110,16504.89412,-0.0077
256,-1026.0,109,16504.89412,-0.0077
257,-1054.0,109,16504.89412,-0.0077
258,-1002.0,108,16504.89412,-0.0077
259,-962.0,110,16504.89412,-0.0077
260,-1057.0,109,16504.89412,-0.0077
261,-1029.0,109,16504.89412,-0.0077
262,-1103.0,107,16504.89412,-0.0077
263,-999.0,109,16504.89412,-0.0077
264,-912.0,114,16700.38718,-0.01
265,-1006.0,110,16700.38718,-0.01
266,-1010.0,108,16700.38718,-0.01
267,-1049.0,110,16700.38718,-0.01
268,-1050.0,110,16700.38718,-0.01
269,-1026.0,108,16700.38718,-0.01
270,-1034.0,108,16700.38718,-0.01
271,-1002.0,108,16700.38718,-0.01
272,-999.0,107,16700.38718,-0.01
273,-1016.0,108,16700.38718,-0.01
274,-1093.0,107,16675.02673,-0.00761
275,-1003.0,107,16675.02673,-0.00761
276,-976.0,109,16675.02673,-0.00761
277,-1034.0,114,16675.02673,-0.00761
278,-974.0,107,16675.02673,-0.00761
279,-936.0,106,16675.02673,-0.00761
280,-932.0,108,16675.02673,-0.00761
281,-954.0,108,16675.02673,-0.00761
282,-1016.0,110,16675.02673,-0.00761
283,-1040.0,107,15642.77689,-0.00704
284,-980.0,109,15642.77689,-0.00704
285,-1025.0,107,15642.77689,-0.00704
286,-1057.0,112,15642.77689,-0.00704
287,-1069.0,110,15642.77689,-0.00704
288,-1063.0,109,15642.77689,-0.00704
289,-952.0,109,15642.77689,-0.00704
290,-954.0,106,15642.77689,-0.00704
291,-992.0,107,15642.77689,-0.00704
292,-1007.0,107,16377.52788,-0.00632
293,-1044.0,108,16377.52788,-0.00632
294,-1000.0,108,16377.52788,-0.00632
295,-989.0,108,16377.52788,-0.00632
296,-961.0,109,16377.52788,-0.00632
297,-1020.0,108,16377.52788,-0.00632
298,-1004.0,110,16377.52788,-0.00632
299,-1027.0,107,16377.52788,-0.00632
300,-1015.0,108,16377.52788,-0.00632
301,-979.0,108,16377.52788,-0.00632
302,-1005.0,107,15670.18528,-0.00656
303,-916.0,109,15670.18528,-0.00656
304,-936.0,107,15670.18528,-0.00656
305,-997.0,106,15670.18528,-0.00656
306,-960.0,108,15670.18528,-0.00656
307,-975.0,109,15670.18528,-0.00656
308,-939.0,107,15670.18528,-0.00656
309,-1055.0,120,15670.18528,-0.00656
310,-953.0,107,15670.18528,-0.00656
311,-956.0,109,14849.15471,-0.00669
312,-926.0,107,14849.15471,-0.00669
313,-898.0,109,14849.15471,-0.00669
314,-1005.0,113,14849.15471,-0.00669
315,-935.0,108,14849.15471,-0.00669
316,-920.0,107,14849.15471,-0.00669
317,-961.0,108,14849.15471,-0.00669
318,-991.0,108,14849.15471,-0.00669
319,-885.0,106,14849.15471,-0.00669
320,-975.0,106,14849.15471,-0.00669
321,-979.0,109,13596.8435,-0.00494
322,-988.0,108,13596.8435,-0.00494
323,-962.0,111,13596.8435,-0.00494
324,-928.0,107,13596.8435,-0.00494
325,-911.0,106,13596.8435,-0.00494
326,-990.0,108,13596.8435,-0.00494
327,-924.0,108,13596.8435,-0.00494
328,-969.0,108,13596.8435,-0.00494
329,-991.0,108,13596.8435,-0.00494
330,-949.0,107,14180.96852,-0.00649
331,-897.0,112,14180.96852,-0.00649
332,-981.0,113,14180.96852,-0.00649
333,-964.0,110,14180.96852,-0.00649
334,-902.0,106,14180.96852,-0.00649
335,-945.0,107,14180.96852,-0.00649
336,-968.0,108,14180.96852,-0.00649
337,-987.0,111,14180.96852,-0.00649
338,-954.0,108,14180.96852,-0.00649
339,-953.0,107,14180.96852,-0.00649
340,-929.0,110,13248.97738,-0.00467
341,-910.0,112,13248.97738,-0.00467
342,-934.0,110,13248.97738,-0.00467
343,-997.0,113,13248.97738,-0.00467
344,-945.0,110,13248.97738,-0.00467
345,-915.0,107,13248.97738,-0.00467
346,-906.0,111,13248.97738,-0.00467
347,-967.0,108,13248.97738,-0.00467
348,-963.0,107,13248.97738,-0.00467
349,-1027.0,128,13007.09866,-0.00955
350,-979.0,108,13007.09866,-0.00955
351,-959.0,107,13007.09866,-0.00955
352,-973.0,107,13007.09866,-0.00955
353,-943.0,106,13007.09866,-0.00955
354,-915.0,107,13007.09866,-0.00955
355,-992.0,111,13007.09866,-0.00955
356,-971.0,107,13007.09866,-0.00955
357,-932.0,108,13007.09866,-0.00955
358,-980.0,106,13739.80555,-0.00706
359,-949.0,107,13739.80555,-0.00706
360,-966.0,107,13739.80555,-0.00706
361,-905.0,107,13739.80555,-0.00706
362,-952.0,109,13739.80555,-0.00706
363,-955.0,109,13739.80555,-0.00706
364,-905.0,108,13739.80555,-0.00706
365,-913.0,108,13739.80555,-0.00706
366,-921.0,107,13739.80555,-0.00706
367,-1049.0,108,13739.80555,-0.00706
368,-973.0,114,13070.15963,-0.00764
369,-988.0,111,13070.15963,-0.00764
370,-949.0,113,13070.15963,-0.00764
371,-923.0,107,13070.15963,-0.00764
372,-1017.0,107,13070.15963,-0.00764
373,-867.0,108,13070.15963,-0.00764
374,-879.0,109,13070.15963,-0.00764
375,-933.0,109,13070.15963,-0.00764
376,-993.0,109,13070.15963,-0.00764
377,-923.0,108,12773.15781,-0.00703
378,-1016.0,119,12773.15781,-0.00703
379,-894.0,109,12773.15781,-0.00703
380,-967.0,110,12773.15781,-0.00703
381,-964.0,107,12773.15781,-0.00703
382,-994.0,107,12773.15781,-0.00703
383,-930.0,107,12773.15781,-0.00703
384,-974.0,115,12773.15781,-0.00703
385,-921.0,113,12773.15781,-0.00703
386,-926.0,108,12716.37501,-0.00906
387,-964.0,107,12716.37501,-0.00906
388,-954.0,107,12716.37501,-0.00906
389,-957.0,108,12716.37501,-0.00906
390,-916.0,112,12716.37501,-0.00906
391,-955.0,107,12716.37501,-0.00906
392,-898.0,108,12716.37501,-0.00906
393,-920.0,108,12716.37501,-0.00906
394,-921.0,108,12716.37501,-0.00906
395,-908.0,108,12716.37501,-0.00906
396,-930.0,107,12374.94506,-0.00545
397,-961.0,107,12374.94506,-0.00545
398,-971.0,107,12374.94506,-0.00545
399,-939.0,107,12374.94506,-0.00545
400,-917.0,106,12374.94506,-0.00545
401,-956.0,109,12374.94506,-0.00545
402,-977.0,115,12374.94506,-0.00545
403,-959.0,107,12374.94506,-0.00545
404,-882.0,108,12374.94506,-0.00545
405,-908.0,107,12819.99091,-0.00511
406,-896.0,107,12819.99091,-0.00511
407,-945.0,108,12819.99091,-0.00511
408,-915.0,107,12819.99091,-0.00511
409,-936.0,107,12819.99091,-0.00511
410,-947.0,108,12819.99091,-0.00511
411,-924.0,109,12819.99091,-0.00511
412,-929.0,108,12819.99091,-0.00511
413,-952.0,107,12819.99091,-0.00511
414,-890.0,110,12819.99091,-0.00511
415,-937.0,113,12090.99931,-0.00878
416,-941.0,119,12090.99931,-0.00878
417,-910.0,111,12090.99931,-0.00878
418,-910.0,109,12090.99931,-0.00878
419,-975.0,120,12090.99931,-0.00878
420,-899.0,108,12090.99931,-0.00878
421,-945.0,107,12090.99931,-0.00878
422,-958.0,116,12090.99931,-0.00878
423,-899.0,107,12090.99931,-0.00878
424,-944.0,122,11243.44272,-0.00453
425,-953.0,107,11243.44272,-0.00453
426,-946.0,107,11243.44272,-0.00453
427,-945.0,114,11243.44272,-0.00453
428,-917.0,108,11243.44272,-0.00453
429,-928.0,107,11243.44272,-0.00453
430,-958.0,106,11243.44272,-0.00453
431,-925.0,107,11243.44272,-0.00453
432,-928.0,109,11243.44272,-0.00453
433,-953.0,109,12475.3531,-0.00711
434,-954.0,109,12475.3531,-0.00711
435,-924.0,108,12475.3531,-0.00711
436,-957.0,113,12475.3531,-0.00711
437,-996.0,109,12475.3531,-0.00711
438,-887.0,111,12475.3531,-0.00711
439,-994.0,107,12475.3531,-0.00711
440,-886.0,111,12475.3531,-0.00711
441,-943.0,108,12475.3531,-0.00711
442,-907.0,126,12475.3531,-0.00711
443,-955.0,112,11704.17791,-0.00729
444,-919.0,107,11704.17791,-0.00729
445,-907.0,107,11704.17791,-0.00729
446,-960.0,112,11704.17791,-0.00729
447,-896.0,107,11704.17791,-0.00729
448,-969.0,107,11704.17791,-0.00729
449,-946.0,109,11704.17791,-0.00729
450,-927.0,107,11704.17791,-0.00729
451,-928.0,108,11704.17791,-0.00729
452,-903.0,113,11852.62465,-0.00553
453,-918.0,109,11852.62465,-0.00553
454,-911.0,109,11852.62465,-0.00553
455,-927.0,107,11852.62465,-0.00553
456,-956.0,108,11852.62465,-0.00553
457,-956.0,120,11852.62465,-0.00553
458,-924.0,111,11852.62465,-0.00553
459,-941.0,109,11852.62465,-0.00553
460,-915.0,107,11852.62465,-0.00553
461,-949.0,115,11576.02192,-0.00683
462,-867.0,108,11576.02192,-0.00683
463,-983.0,113,11576.02192,-0.00683
464,-911.0,115,11576.02192,-0.00683
465,-927.0,125,11576.02192,-0.00683
466,-910.0,113,11576.02192,-0.00683
467,-925.0,110,11576.02192,-0.00683
468,-898.0,108,11576.02192,-0.00683
469,-874.0,108,11576.02192,-0.00683
470,-907.0,112,10512.15974,-0.00463
471,-919.0,118,10512.15974,-0.00463
472,-920.0,110,10512.15974,-0.00463
473,-910.0,109,10512.15974,-0.00463
474,-1025.0,107,10512.15974,-0.00463
475,-917.0,116,10512.15974,-0.00463
476,-887.0,107,10512.15974,-0.00463
477,-892.0,111,10512.15974,-0.00463
478,-944.0,122,10512.15974,-0.00463
479,-918.0,108,10914.47401,-0.00602
480,-915.0,134,10914.47401,-0.00602
481,-894.0,108,10914.47401,-0.00602
482,-881.0,109,10914.47401,-0.00602
483,-963.0,107,10914.47401,-0.00602
484,-929.0,122,10914.47401,-0.00602
485,-933.0,109,10914.47401,-0.00602
486,-937.0,113,10914.47401,-0.00602
487,-966.0,109,10914.47401,-0.00602
488,-905.0,117,10727.71044,-0.00955
489,-981.0,128,10727.71044,-0.00955
490,-929.0,107,10727.71044,-0.00955
491,-911.0,108,10727.71044,-0.00955
492,-974.0,110,10727.71044,-0.00955
493,-976.0,114,10727.71044,-0.00955
494,-915.0,107,10727.71044,-0.00955
495,-924.0,108,10727.71044,-0.00955
496,-930.0,116,10727.71044,-0.00955
497,-971.0,111,10727.71044,-0.00955
498,-874.0,113,11318.92612,-0.00369
499,-929.0,107,11318.92612,-0.00369
500,-924.0,106,11318.92612,-0.00369
501,-932.0,107,11318.92612,-0.00369
502,-911.0,108,11318.92612,-0.00369
503,-888.0,108,11318.92612,-0.00369
504,-982.0,107,11318.92612,-0.00369
505,-940.0,107,11318.92612,-0.00369
506,-893.0,107,11318.92612,-0.00369
507,-919.0,109,10917.83391,-0.00836
508,-899.0,107,10917.83391,-0.00836
509,-907.0,125,10917.83391,-0.00836
510,-862.0,108,10917.83391,-0.00836
511,-868.0,107,10917.83391,-0.00836
512,-946.0,108,10917.83391,-0.00836
513,-935.0,124,10917.83391,-0.00836
514,-948.0,107,10917.83391,-0.00836
515,-892.0,107,10917.83391,-0.00836
516,-910.0,107,10055.0006,-0.00635
517,-902.0,111,10055.0006,-0.00635
518,-882.0,107,10055.0006,-0.00635
519,-924.0,108,10055.0006,-0.00635
520,-881.0,108,10055.0006,-0.00635
521,-883.0,108,10055.0006,-0.00635
522,-933.0,123,10055.0006,-0.00635
523,-904.0,107,10055.0006,-0.00635
524,-887.0,108,10055.0006,-0.00635
525,-896.0,106,10055.0006,-0.00635
526,-941.0,108,9935.01812,-0.00646
527,-878.0,108,9935.01812,-0.00646
528,-941.0,110,9935.01812,-0.00646
529,-844.0,107,9935.01812,-0.00646
530,-915.0,134,9935.01812,-0.00646
531,-880.0,114,9935.01812,-0.00646
532,-904.0,107,9935.01812,-0.00646
533,-960.0,107,9935.01812,-0.00646
534,-863.0,109,9935.01812,-0.00646
535,-932.0,120,10076.55535,-0.00532
536,-852.0,108,10076.55535,-0.00532
537,-886.0,112,10076.55535,-0.00532
538,-929.0,134,10076.55535,-0.00532
539,-863.0,108,10076.55535,-0.00532
540,-943.0,108,10076.55535,-0.00532
541,-897.0,108,10076.55535,-0.00532
542,-901.0,106,10076.55535,-0.00532
543,-925.0,108,10076.55535,-0.00532
544,-879.0,107,9582.81264,-0.00621
545,-830.0,107,9582.81264,-0.00621
546,-915.0,117,9582.81264,-0.00621
547,-918.0,107,9582.81264,-0.00621
548,-933.0,129,9582.81264,-0.00621
549,-855.0,110,9582.81264,-0.00621
550,-919.0,108,9582.81264,-0.00621
551,-928.0,107,9582.81264,-0.00621
552,-894.0,108,9582.81264,-0.00621
